xcsoar (7.44) unstable; urgency=low

  * new release

 --

xcsoar (7.43) unstable; urgency=low

  * new release

 -- Philipp Wollschlegel <folken@kabelsalat.ch> Mon, 12 Aug 2024 23:22:06 +0100

xcsoar (7.42) unstable; urgency=low

  * new release

 -- Max Kellermann <mk@cm4all.com>  Fri, 01 Mar 2024 23:18:06 +0100

xcsoar (7.41) unstable; urgency=low

  * new release

 -- Max Kellermann <mk@cm4all.com>  Thu, 21 Dec 2023 18:00:49 +0100

xcsoar (7.40) unstable; urgency=low

  * new release

 -- Max Kellermann <mk@cm4all.com>  Thu, 02 Nov 2023 10:10:01 +0100

xcsoar (7.39) unstable; urgency=low

  * new release

 -- Max Kellermann <mk@cm4all.com>  Fri, 28 Jul 2023 20:24:04 +0200

xcsoar (7.38) unstable; urgency=low

  * new release

 -- Max Kellermann <mk@cm4all.com>  Thu, 27 Jul 2023 13:32:05 +0200

xcsoar (7.37) unstable; urgency=low

  * new release

 -- Max Kellermann <mk@cm4all.com>  Fri, 21 Jul 2023 18:59:40 +0200

xcsoar (7.36) unstable; urgency=low

  * new release

 -- Max Kellermann <mk@cm4all.com>  Sun, 02 Jul 2023 21:35:41 +0200

xcsoar (7.35) unstable; urgency=low

  * new release

 -- Max Kellermann <mk@cm4all.com>  Fri, 16 Jun 2023 17:35:24 +0200

xcsoar (7.34) unstable; urgency=low

  * new release

 -- Max Kellermann <mk@cm4all.com>  Tue, 06 Jun 2023 13:50:34 +0200

xcsoar (7.33) unstable; urgency=low

  * new release

 -- Max Kellermann <mk@cm4all.com>  Fri, 26 May 2023 09:04:53 +0200

xcsoar (7.32) unstable; urgency=low

  * new release

 -- Max Kellermann <mk@cm4all.com>  Thu, 25 May 2023 20:40:34 +0200

xcsoar (7.31) unstable; urgency=low

  * new release

 -- Max Kellermann <mk@cm4all.com>  Fri, 12 May 2023 12:27:48 +0200

xcsoar (7.30) unstable; urgency=low

  * new release

 -- Max Kellermann <mk@cm4all.com>  Tue, 09 May 2023 13:02:01 +0200

xcsoar (7.29) unstable; urgency=medium

  * new release

 -- Max Kellermann <mk@cm4all.com>  Wed, 03 May 2023 17:10:14 +0200

xcsoar (7.28) unstable; urgency=medium

  * new release

 -- Max Kellermann <max.kellermann@gmail.com>  Sat, 29 Oct 2022 08:29:39 +0200

xcsoar (7.27) unstable; urgency=medium

  * new release

 -- Max Kellermann <max.kellermann@gmail.com>  Fri, 23 Sep 2022 22:01:35 +0200

xcsoar (7.26) unstable; urgency=medium

  * new release

 -- Max Kellermann <max.kellermann@gmail.com>  Sat, 03 Sep 2022 16:11:08 +0200

xcsoar (7.25) unstable; urgency=medium

  * new release

 -- Max Kellermann <max.kellermann@gmail.com>  Wed, 24 Aug 2022 20:58:06 +0200

xcsoar (7.24) unstable; urgency=low

  * new release

 -- Max Kellermann <max.kellermann@gmail.com>  Fri, 22 Jul 2022 09:30:27 +0200

xcsoar (7.23) unstable; urgency=medium

  * new release

 -- Max Kellermann <mk@cm4all.com>  Thu, 10 Feb 2022 17:52:25 +0100

xcsoar (7.22) unstable; urgency=medium

  * new release

 -- Max Kellermann <max.kellermann@gmail.com>  Fri, 14 Jan 2022 19:26:55 +0100

xcsoar (7.21) unstable; urgency=medium

  * new release

 -- Max Kellermann <max.kellermann@gmail.com>  Sat, 11 Dec 2021 11:05:19 +0100

xcsoar (7.20) unstable; urgency=medium

  * new release

 -- Max Kellermann <max.kellermann@gmail.com>  Fri, 22 Oct 2021 17:38:54 +0200

xcsoar (7.19) unstable; urgency=medium

  * new release

 -- Max Kellermann <max.kellermann@gmail.com>  Fri, 01 Oct 2021 15:40:24 +0200

xcsoar (7.18) unstable; urgency=medium

  * new release

 -- Max Kellermann <max.kellermann@gmail.com>  Fri, 10 Sep 2021 23:31:54 +0200

xcsoar (7.17) unstable; urgency=medium

  * new release

 -- Max Kellermann <max.kellermann@gmail.com>  Sat, 04 Sep 2021 08:43:15 +0200

xcsoar (7.16) unstable; urgency=medium

  * new release

 -- Max Kellermann <max.kellermann@gmail.com>  Fri, 27 Aug 2021 16:55:23 +0200

xcsoar (7.15) unstable; urgency=medium

  * new release

 -- Max Kellermann <max.kellermann@gmail.com>  Mon, 23 Aug 2021 17:54:49 +0200

xcsoar (7.14) unstable; urgency=medium

  * new release

 -- Max Kellermann <max.kellermann@gmail.com>  Fri, 20 Aug 2021 17:37:01 +0200

xcsoar (7.13) unstable; urgency=medium

  * new release
  * remove -doc package
  * use debhelper 12

 -- Max Kellermann <max.kellermann@gmail.com>  Thu, 19 Aug 2021 18:03:49 +0200

xcsoar (7.12) unstable; urgency=medium

  * new release

 -- Max Kellermann <max.kellermann@gmail.com>  Fri, 13 Aug 2021 19:08:21 +0200

xcsoar (7.11) unstable; urgency=medium

  * new release

 -- Max Kellermann <max.kellermann@gmail.com>  Fri, 30 Jul 2021 20:05:15 +0200

xcsoar (7.10) unstable; urgency=medium

  * new release

 -- Max Kellermann <max.kellermann@gmail.com>  Fri, 09 Jul 2021 06:33:03 +0200

xcsoar (7.9) unstable; urgency=medium

  * new release

 -- Max Kellermann <max.kellermann@gmail.com>  Tue, 06 Jul 2021 10:10:02 +0200

xcsoar (7.8) unstable; urgency=medium

  * new release

 -- Max Kellermann <max.kellermann@gmail.com>  Wed, 02 Jun 2021 18:48:13 +0200

xcsoar (7.7) unstable; urgency=medium

  * new release

 -- Max Kellermann <max.kellermann@gmail.com>  Fri, 14 May 2021 19:30:48 +0200

xcsoar (7.6) unstable; urgency=medium

  * new release

 -- Max Kellermann <max.kellermann@gmail.com>  Sat, 01 May 2021 15:35:13 +0200

xcsoar (7.5) unstable; urgency=medium

  * new release

 -- Max Kellermann <max.kellermann@gmail.com>  Fri, 30 Apr 2021 09:02:01 +0200

xcsoar (7.4) unstable; urgency=medium

  * new release

 -- Max Kellermann <max.kellermann@gmail.com>  Thu, 08 Apr 2021 20:41:23 +0200

xcsoar (7.3) unstable; urgency=medium

  * new release

 -- Max Kellermann <max.kellermann@gmail.com>  Wed, 07 Apr 2021 00:09:12 +0200

xcsoar (6.8.17) unstable; urgency=medium

  * new release

 -- Max Kellermann <max.kellermann@gmail.com>  Tue, 22 Sep 2020 16:45:52 +0200

xcsoar (6.8.16) unstable; urgency=medium

  * new release

 -- Max Kellermann <max.kellermann@gmail.com>  Sun, 26 Jul 2020 21:37:05 +0200

xcsoar (6.8.15) unstable; urgency=medium

  * new release

 -- Max Kellermann <max.kellermann@gmail.com>  Sat, 13 Jun 2020 14:13:56 +0200

xcsoar (6.8.14) unstable; urgency=medium

  * new release

 -- Max Kellermann <max.kellermann@gmail.com>  Thu, 14 May 2020 22:24:07 +0200

xcsoar (6.8.13) unstable; urgency=medium

  * new release

 -- Max Kellermann <max.kellermann@gmail.com>  Wed, 08 Apr 2020 16:23:42 +0200

xcsoar (6.8.12) unstable; urgency=medium

  * new release

 -- Max Kellermann <max.kellermann@gmail.com>  Tue, 30 Apr 2019 21:08:05 +0200

xcsoar (6.8.11) unstable; urgency=medium

  * new release

 -- Max Kellermann <max.kellermann@gmail.com>  Sat, 18 Aug 2018 16:36:41 +0200

xcsoar (6.8.10) unstable; urgency=medium

  * new release

 -- Max Kellermann <max@xcsoar.org>  Sat, 07 Oct 2017 17:33:28 +0200

xcsoar (6.8.9) unstable; urgency=medium

  * new release

 -- Max Kellermann <max@xcsoar.org>  Tue, 05 Oct 2017 10:08:31 +0200

xcsoar (6.8.8) unstable; urgency=medium

  * new release

 -- Max Kellermann <max@xcsoar.org>  Sat, 09 Sep 2017 12:23:38 +0200

xcsoar (6.8.7) unstable; urgency=medium

  * new release

 -- Max Kellermann <max@xcsoar.org>  Fri, 12 Aug 2016 23:21:49 +0200

xcsoar (6.8.6) unstable; urgency=medium

  * new release

 -- Max Kellermann <max@duempel.org>  Fri, 22 Jul 2016 18:19:13 +0200

xcsoar (6.8.5) unstable; urgency=medium

  * new release

 -- Max Kellermann <max@duempel.org>  Sun, 12 Jun 2016 14:12:56 +0200

xcsoar (6.8.4) unstable; urgency=medium

  * new release

 -- Max Kellermann <max@duempel.org>  Wed, 18 May 2016 10:23:36 +0200

xcsoar (6.8.3) unstable; urgency=medium

  * new release

 -- Max Kellermann <max@duempel.org>  Wed, 09 Mar 2016 14:10:56 +0100

xcsoar (6.8.2) unstable; urgency=medium

  * new release

 -- Max Kellermann <max@duempel.org>  Sat, 19 Sep 2015 21:13:24 +0200

xcsoar (6.8.1) unstable; urgency=medium

  * new release

 -- Max Kellermann <max@duempel.org>  Thu, 27 Aug 2015 20:16:28 +0200

xcsoar (6.8) unstable; urgency=medium

  * new release

 -- Max Kellermann <max@duempel.org>  Tue, 18 Aug 2015 17:18:36 +0200

xcsoar (6.8~beta2) unstable; urgency=medium

  * new release

 -- Max Kellermann <max@duempel.org>  Fri, 07 Aug 2015 17:25:08 +0200

xcsoar (6.8~beta1) unstable; urgency=medium

  * new release

 -- Max Kellermann <max@duempel.org>  Wed, 05 Aug 2015 10:43:10 +0200

xcsoar (6.8~alpha9) unstable; urgency=medium

  * new release

 -- Max Kellermann <max@duempel.org>  Fri, 24 Jul 2015 17:58:20 +0200

xcsoar (6.8~alpha8) unstable; urgency=medium

  * new release

 -- Max Kellermann <max@duempel.org>  Wed, 17 Jun 2015 03:15:16 +0200

xcsoar (6.8~alpha7) unstable; urgency=medium

  * new release

 -- Max Kellermann <max@duempel.org>  Sat, 13 Jun 2015 22:05:24 +0200

xcsoar (6.8~alpha6) unstable; urgency=medium

  * new release

 -- Max Kellermann <max@duempel.org>  Fri, 12 Jun 2015 14:20:53 +0200

xcsoar (6.8~alpha5) unstable; urgency=medium

  * new release

 -- Max Kellermann <max@duempel.org>  Thu, 28 May 2015 20:33:25 +0200

xcsoar (6.8~alpha4) unstable; urgency=medium

  * new release

 -- Max Kellermann <max@duempel.org>  Wed, 20 May 2015 14:32:35 +0200

xcsoar (6.8~alpha3) unstable; urgency=medium

  * new release

 -- Max Kellermann <max@duempel.org>  Sat, 16 May 2015 01:49:13 +0200

xcsoar (6.8~alpha2) unstable; urgency=medium

  * new release

 -- Max Kellermann <max@duempel.org>  Mon, 04 May 2015 17:10:30 +0200

xcsoar (6.8~alpha1) unstable; urgency=medium

  * new release

 -- Max Kellermann <max@duempel.org>  Tue, 14 Apr 2015 11:50:48 +0200

xcsoar (6.7.9) unstable; urgency=medium

  * new release

 -- Max Kellermann <max@duempel.org>  Fri, 03 Jul 2015 00:08:06 +0200

xcsoar (6.7.8) unstable; urgency=medium

  * new release

 -- Max Kellermann <max@duempel.org>  Fri, 22 May 2015 19:55:41 +0200

xcsoar (6.7.7) unstable; urgency=medium

  * new release

 -- Max Kellermann <max@duempel.org>  Fri, 20 Feb 2015 14:15:27 +0100

xcsoar (6.7.6) unstable; urgency=medium

  * new release

 -- Max Kellermann <max@duempel.org>  Sat, 18 Oct 2014 21:56:38 +0200

xcsoar (6.7.5) unstable; urgency=medium

  * new release

 -- Max Kellermann <max@duempel.org>  Mon, 09 Jun 2014 14:14:49 +0200

xcsoar (6.7.4) unstable; urgency=medium

  * new release

 -- Max Kellermann <max@duempel.org>  Fri, 11 Apr 2014 11:12:02 +0200

xcsoar (6.7.3) unstable; urgency=low

  * new release

 -- Max Kellermann <max@duempel.org>  Wed, 22 Jan 2014 12:39:55 +0100

xcsoar (6.7.2) unstable; urgency=low

  * new release

 -- Max Kellermann <max@duempel.org>  Thu, 19 Dec 2013 01:51:34 +0100

xcsoar (6.7.1) unstable; urgency=low

  * new release

 -- Max Kellermann <max@duempel.org>  Fri, 11 Oct 2013 18:30:04 +0200

xcsoar (6.7) unstable; urgency=low

  * new release

 -- Max Kellermann <max@duempel.org>  Mon, 30 Sep 2013 13:33:33 +0200

xcsoar (6.7~beta3) unstable; urgency=low

  * new release

 -- Max Kellermann <max@duempel.org>  Wed, 25 Sep 2013 22:54:48 +0200

xcsoar (6.7~beta2) unstable; urgency=low

  * new release

 -- Max Kellermann <max@duempel.org>  Sat, 21 Sep 2013 13:14:36 +0200

xcsoar (6.7~beta1) unstable; urgency=low

  * new release

 -- Max Kellermann <max@duempel.org>  Sat, 14 Sep 2013 14:54:36 +0200

xcsoar (6.7~alpha2) unstable; urgency=low

  * new release

 -- Max Kellermann <max@duempel.org>  Sat, 31 Aug 2013 16:03:19 +0200

xcsoar (6.7~alpha1) unstable; urgency=low

  * new release

 -- Max Kellermann <max@duempel.org>  Fri, 23 Aug 2013 16:59:28 +0200

xcsoar (6.6.5) unstable; urgency=low

  * new release

 -- Max Kellermann <max@duempel.org>  Wed, 21 Aug 2013 08:53:43 +0200

xcsoar (6.6.4) unstable; urgency=low

  * new release

 -- Max Kellermann <max@duempel.org>  Thu, 11 Jul 2013 08:35:29 +0200

xcsoar (6.6.3) unstable; urgency=low

  * new release

 -- Max Kellermann <max@duempel.org>  Tue, 02 Jul 2013 12:14:08 +0200

xcsoar (6.6.2) unstable; urgency=low

  * new release

 -- Max Kellermann <max@duempel.org>  Wed, 12 Jun 2013 01:34:19 +0200

xcsoar (6.6.1) unstable; urgency=low

  * new release

 -- Max Kellermann <max@duempel.org>  Wed, 08 May 2013 10:23:37 +0200

xcsoar (6.6) unstable; urgency=low

  * new release

 -- Max Kellermann <max@duempel.org>  Tue, 23 Apr 2013 09:22:27 +0200

xcsoar (6.6~beta2) unstable; urgency=low

  * new release

 -- Max Kellermann <max@duempel.org>  Fri, 19 Apr 2013 22:30:07 +0200

xcsoar (6.6~beta1) unstable; urgency=low

  * new release

 -- Max Kellermann <max@duempel.org>  Sat, 13 Apr 2013 23:51:40 +0200

xcsoar (6.6~alpha2) unstable; urgency=low

  * new release

 -- Max Kellermann <max@duempel.org>  Fri, 05 Apr 2013 22:12:25 +0200

xcsoar (6.6~alpha1) unstable; urgency=low

  * new release

 -- Max Kellermann <max@duempel.org>  Thu, 21 Mar 2013 08:27:54 +0100

xcsoar (6.5.4) unstable; urgency=low

  * new release

 -- Max Kellermann <max@duempel.org>  Wed, 10 Apr 2013 08:51:28 +0200

xcsoar (6.5.3) unstable; urgency=low

  * new release

 -- Max Kellermann <max@duempel.org>  Tue, 26 Mar 2013 19:41:25 +0100

xcsoar (6.5.2) unstable; urgency=low

  * new release

 -- Max Kellermann <max@duempel.org>  Fri, 15 Mar 2013 19:33:09 +0100

xcsoar (6.5.1) unstable; urgency=low

  * new release

 -- Max Kellermann <max@duempel.org>  Tue, 12 Mar 2013 12:18:13 +0100

xcsoar (6.5) unstable; urgency=low

  * new release

 -- Max Kellermann <max@duempel.org>  Fri, 08 Mar 2013 08:50:12 +0100

xcsoar (6.5~beta3) unstable; urgency=low

  * new release

 -- Max Kellermann <max@duempel.org>  Tue, 05 Mar 2013 00:34:25 +0100

xcsoar (6.5~beta2) unstable; urgency=low

  * new release

 -- Max Kellermann <max@duempel.org>  Wed, 27 Feb 2013 16:35:08 +0100

xcsoar (6.5~beta1) unstable; urgency=low

  * new release

 -- Max Kellermann <max@duempel.org>  Fri, 22 Feb 2013 21:17:30 +0100

xcsoar (6.5~alpha2) unstable; urgency=low

  * new release

 -- Max Kellermann <max@duempel.org>  Thu, 07 Feb 2013 22:21:30 +0100

xcsoar (6.5~alpha1) unstable; urgency=low

  * new release
  * move manuals to separate documentation package

 -- Max Kellermann <max@duempel.org>  Sun, 27 Jan 2013 23:08:17 +0100

xcsoar (6.4.6) unstable; urgency=low

  * new release

 -- Max Kellermann <max@duempel.org>  Wed, 23 Jan 2013 11:21:14 +0100

xcsoar (6.4.5) unstable; urgency=low

  * new release

 -- Max Kellermann <max@duempel.org>  Fri, 14 Dec 2012 21:42:52 +0100

xcsoar (6.4.4) unstable; urgency=low

  * new release

 -- Max Kellermann <max@duempel.org>  Thu, 15 Nov 2012 00:37:09 +0100

xcsoar (6.4.3) unstable; urgency=low

  * new release

 -- Max Kellermann <max@duempel.org>  Thu, 01 Nov 2012 16:31:28 +0100

xcsoar (6.4.2) unstable; urgency=low

  * new release

 -- Max Kellermann <max@duempel.org>  Wed, 17 Oct 2012 00:51:00 +0200

xcsoar (6.4.1) unstable; urgency=low

  * new release

 -- Max Kellermann <max@duempel.org>  Thu, 30 Aug 2012 00:36:26 +0200

xcsoar (6.4) unstable; urgency=low

  * new release

 -- Max Kellermann <max@duempel.org>  Tue, 31 Jul 2012 19:11:10 +0200

xcsoar (6.4~beta2) unstable; urgency=low

  * new release

 -- Max Kellermann <max@duempel.org>  Sat, 28 Jul 2012 17:19:40 +0200

xcsoar (6.4~beta1) unstable; urgency=low

  * new release

 -- Max Kellermann <max@duempel.org>  Sat, 21 Jul 2012 00:25:36 +0200

xcsoar (6.4~alpha2) unstable; urgency=low

  * new release

 -- Max Kellermann <max@duempel.org>  Fri, 06 Jul 2012 02:19:38 +0200

xcsoar (6.4~alpha1) unstable; urgency=low

  * new release

 -- Max Kellermann <max@duempel.org>  Thu, 28 Jun 2012 02:27:48 +0200

xcsoar (6.3.11) unstable; urgency=low

  * new release

 -- Max Kellermann <max@duempel.org>  Fri, 27 Jul 2012 17:49:26 +0200

xcsoar (6.3.10) unstable; urgency=low

  * new release

 -- Max Kellermann <max@duempel.org>  Fri, 20 Jul 2012 13:24:09 +0200

xcsoar (6.3.9) unstable; urgency=low

  * new release

 -- Max Kellermann <max@duempel.org>  Wed, 18 Jul 2012 13:21:33 +0200

xcsoar (6.3.8) unstable; urgency=low

  * new release

 -- Max Kellermann <max@duempel.org>  Fri, 22 Jun 2012 23:23:01 +0200

xcsoar (6.3.7) unstable; urgency=low

  * new release

 -- Max Kellermann <max@duempel.org>  Thu, 21 Jun 2012 23:21:22 +0200

xcsoar (6.3.6) unstable; urgency=low

  * new release

 -- Max Kellermann <max@duempel.org>  Wed, 06 Jun 2012 22:28:34 +0200

xcsoar (6.3.5) unstable; urgency=low

  * new release

 -- Max Kellermann <max@duempel.org>  Thu, 31 May 2012 20:20:43 +0200

xcsoar (6.3.4) unstable; urgency=low

  * new release

 -- Max Kellermann <max@duempel.org>  Thu, 24 May 2012 01:25:55 +0200

xcsoar (6.3.3) unstable; urgency=low

  * new release

 -- Max Kellermann <max@duempel.org>  Sat, 05 May 2012 01:10:43 +0200

xcsoar (6.3.2) unstable; urgency=low

  * new release

 -- Max Kellermann <max@duempel.org>  Thu, 26 Apr 2012 17:48:36 +0200

xcsoar (6.3.1) unstable; urgency=low

  * new release

 -- Max Kellermann <max@duempel.org>  Thu, 19 Apr 2012 22:16:53 +0200

xcsoar (6.3) unstable; urgency=low

  * new release

 -- Max Kellermann <max@duempel.org>  Thu, 29 Mar 2012 00:34:47 +0200

xcsoar (6.3~beta3) unstable; urgency=low

  * new release

 -- Max Kellermann <max@duempel.org>  Fri, 23 Mar 2012 11:29:24 +0100

xcsoar (6.3~beta2) unstable; urgency=low

  * new release

 -- Max Kellermann <max@duempel.org>  Wed, 14 Mar 2012 17:43:04 +0100

xcsoar (6.3~beta1) unstable; urgency=low

  * new release

 -- Max Kellermann <max@duempel.org>  Wed, 14 Mar 2012 02:23:58 +0100

xcsoar (6.3~alpha3) unstable; urgency=low

  * new release

 -- Max Kellermann <max@duempel.org>  Sat, 25 Feb 2012 17:30:04 +0100

xcsoar (6.3~alpha2) unstable; urgency=low

  * new release

 -- Max Kellermann <max@duempel.org>  Sun, 19 Feb 2012 15:17:55 +0100

xcsoar (6.3~alpha1) unstable; urgency=low

  * new release

 -- Max Kellermann <max@duempel.org>  Thu, 09 Feb 2012 22:05:08 +0100

xcsoar (6.2.6) unstable; urgency=low

  * new release

 -- Max Kellermann <max@duempel.org>  Sat, 25 Feb 2012 10:20:25 +0100

xcsoar (6.2.5) unstable; urgency=low

  * new release
  * move vali-xcs to a separate package

 -- Max Kellermann <max@duempel.org>  Fri, 27 Jan 2012 00:53:50 +0100

xcsoar (6.2.4) unstable; urgency=low

  * new release

 -- Max Kellermann <max@duempel.org>  Sat, 24 Dec 2011 02:07:59 +0100

xcsoar (6.2.3) unstable; urgency=low

  * new release

 -- Max Kellermann <max@duempel.org>  Sat, 19 Nov 2011 15:54:36 +0100

xcsoar (6.2.2) unstable; urgency=low

  * new release

 -- Max Kellermann <max@duempel.org>  Fri, 04 Nov 2011 02:11:20 +0100

xcsoar (6.2.1) unstable; urgency=low

  * new release

 -- Max Kellermann <max@duempel.org>  Mon, 26 Sep 2011 07:25:51 +0200

xcsoar (6.2) unstable; urgency=low

  * new release

 -- Max Kellermann <max@duempel.org>  Thu, 08 Sep 2011 22:39:03 +0200

xcsoar (6.2~beta2) unstable; urgency=low

  * new release

 -- Max Kellermann <max@duempel.org>  Fri, 02 Sep 2011 19:30:36 +0200

xcsoar (6.2~beta1) unstable; urgency=low

  * new release

 -- Max Kellermann <max@duempel.org>  Sat, 27 Aug 2011 17:20:37 +0200

xcsoar (6.2~alpha3) unstable; urgency=low

  * new release

 -- Max Kellermann <max@duempel.org>  Sat, 13 Aug 2011 16:32:51 +0200

xcsoar (6.2~alpha2) unstable; urgency=low

  * new release

 -- Max Kellermann <max@duempel.org>  Sun, 31 Jul 2011 18:06:09 +0200

xcsoar (6.2~alpha1) unstable; urgency=low

  * new release

 -- Max Kellermann <max@duempel.org>  Sat, 16 Jul 2011 22:30:56 +0200

xcsoar (6.1.5) unstable; urgency=low

  * new release

 -- Max Kellermann <max@duempel.org>  Sat, 20 Aug 2011 01:49:54 +0200

xcsoar (6.1.4) unstable; urgency=low

  * new release

 -- Max Kellermann <max@duempel.org>  Sat, 30 Jul 2011 16:27:09 +0200

xcsoar (6.1.3) unstable; urgency=low

  * new release

 -- Max Kellermann <max@duempel.org>  Thu, 14 Jul 2011 18:53:07 +0200

xcsoar (6.1.2) unstable; urgency=low

  * new release

 -- Max Kellermann <max@duempel.org>  Tue, 28 Jun 2011 23:48:54 +0200

xcsoar (6.1.1) unstable; urgency=low

  * new release

 -- Max Kellermann <max@duempel.org>  Wed, 01 Jun 2011 09:37:59 +0200

xcsoar (6.1) unstable; urgency=low

  * final release 6.1

 -- Max Kellermann <max@duempel.org>  Thu, 19 May 2011 10:19:23 +0200

xcsoar (6.1~beta2) unstable; urgency=low

  * new release

 -- Max Kellermann <max@duempel.org>  Thu, 12 May 2011 00:40:59 +0200

xcsoar (6.1~beta1) unstable; urgency=low

  * new release

 -- Max Kellermann <max@duempel.org>  Thu, 05 May 2011 09:26:36 +0200

xcsoar (6.1~alpha3) unstable; urgency=low

  * new release

 -- Max Kellermann <max@duempel.org>  Thu, 21 Apr 2011 23:07:46 +0200

xcsoar (6.1~alpha2) unstable; urgency=low

  * new release

 -- Max Kellermann <max@duempel.org>  Thu, 21 Apr 2011 00:34:32 +0200

xcsoar (6.1~alpha1) unstable; urgency=low

  * new release

 -- Max Kellermann <max@duempel.org>  Fri, 08 Apr 2011 09:32:43 +0200

xcsoar (6.0.10) unstable; urgency=low

  * new release

 -- Max Kellermann <max@duempel.org>  Fri, 29 Apr 2011 12:26:55 +0200

xcsoar (6.0.9) unstable; urgency=low

  * new release

 -- Max Kellermann <max@duempel.org>  Wed, 06 Apr 2011 22:15:35 +0200

xcsoar (6.0.8) unstable; urgency=low

  * new release

 -- Max Kellermann <max@duempel.org>  Wed, 23 Mar 2011 02:23:40 +0100

xcsoar (6.0.7) unstable; urgency=low

  * new release

 -- Max Kellermann <max@duempel.org>  Sat, 12 Mar 2011 00:25:25 +0100

xcsoar (6.0.6) unstable; urgency=low

  * new release

 -- Max Kellermann <max@duempel.org>  Fri, 04 Mar 2011 02:09:01 +0100

xcsoar (6.0.5) unstable; urgency=low

  * new release

 -- Max Kellermann <max@duempel.org>  Sat, 26 Feb 2011 01:35:44 +0100

xcsoar (6.0.4) unstable; urgency=low

  * new release

 -- Max Kellermann <max@duempel.org>  Sat, 19 Feb 2011 16:42:29 +0100

xcsoar (6.0.3) unstable; urgency=low

  * new release

 -- Max Kellermann <max@duempel.org>  Wed, 02 Feb 2011 02:13:29 +0100

xcsoar (6.0.2) unstable; urgency=low

  * new release
  * enable OpenGL

 -- Max Kellermann <max@duempel.org>  Thu, 20 Jan 2011 08:46:55 +0100

xcsoar (6.0.1) unstable; urgency=low

  * new release
  * build-depend on ImageMagick 6.4

 -- Max Kellermann <max@duempel.org>  Sun, 26 Dec 2010 21:40:09 +0100

xcsoar (6.0) unstable; urgency=low

  * new release

 -- Max Kellermann <max@duempel.org>  Sun, 19 Dec 2010 19:01:06 +0100

xcsoar (6.0~beta4) unstable; urgency=low

  * new release

 -- Max Kellermann <max@duempel.org>  Sat, 18 Dec 2010 01:48:45 +0100

xcsoar (6.0~beta3) unstable; urgency=low

  * new release

 -- Max Kellermann <max@duempel.org>  Wed, 15 Dec 2010 02:13:02 +0100

xcsoar (6.0~beta2) unstable; urgency=low

  * new release

 -- Max Kellermann <max@duempel.org>  Fri, 10 Dec 2010 18:00:23 +0100

xcsoar (6.0~beta1) unstable; urgency=low

  * initial debian package

 -- Max Kellermann <max@duempel.org>  Fri, 10 Dec 2010 04:25:16 +0100
